{
  "events": [
    {
      "id": "shift1",
      "title": "Morning Shift - Vijay",
      "start": "2025-09-02T09:00:00",
      "end": "2025-09-02T17:00:00",
      "type": "shift",
      "user": "vijay"
    },
    {
      "id": "shift2",
      "title": "Night Shift - Maria",
      "start": "2025-09-02T21:00:00",
      "end": "2025-09-03T05:00:00",
      "type": "shift",
      "user": "maria"
    },
    {
      "id": "maint1",
      "title": "Planned Maintenance - DB Cluster",
      "start": "2025-09-03T02:00:00",
      "end": "2025-09-03T04:00:00",
      "type": "maintenance",
      "link": "/workitem/maint1"
    },
    {
      "id": "team1",
      "title": "Team On-Call - SRE",
      "start": "2025-09-03T09:00:00",
      "end": "2025-09-03T17:00:00",
      "type": "roster",
      "team": "SRE"
    }
  ]
}