{
  "work": {
    "incident": {
      "statuses": ["new", "in_progress", "resolved", "closed", "cancelled"],
      "priorities": ["P1", "P2", "P3", "P4"],
      "impact_levels": ["low", "medium", "high", "critical"],
      "urgency_levels": ["low", "medium", "high"],
      "sla_targets": {
        "P1": 60,
        "P2": 240,
        "P3": 1440,
        "P4": 2880
      }
    },
    "service_request": {
      "statuses": ["new", "approved", "in_progress", "fulfilled", "closed"],
      "priorities": ["low", "medium", "high"],
      "sla_targets": {
        "low": 1440,
        "medium": 720,
        "high": 240
      }
    },
    "change_request": {
      "statuses": [
        "draft",
        "submitted",
        "approved",
        "scheduled",
        "in_progress",
        "completed",
        "closed",
        "cancelled"
      ],
      "types": ["standard", "normal", "emergency"],
      "priorities": ["low", "medium", "high", "emergency"],
      "risk_levels": ["low", "medium", "high", "critical"]
    },
    "problem": {
      "statuses": ["new", "in_analysis", "known_error", "mitigated", "closed"],
      "priorities": ["low", "medium", "high", "critical"],
      "categories": ["infrastructure", "application", "network", "security", "other"]
    },
    "maintenance": {
      "statuses": ["scheduled", "in_progress", "completed", "cancelled"],
      "types": ["planned", "unplanned", "emergency"],
      "impact_levels": ["none", "low", "medium", "high", "critical"]
    },
    "alert": {
      "severities": ["info", "warning", "minor", "major", "critical"],
      "statuses": ["new", "acknowledged", "in_progress", "resolved", "closed"],
      "source_systems": ["monitoring", "logging", "apm", "security", "custom"]
    }
  },
  "business": {
    "tiers": ["gold", "silver", "bronze"],
    "customer_tiers": ["platinum", "gold", "silver", "bronze"],
    "vendor_tiers": ["strategic", "preferred", "approved", "other"]
  },
  "governance": {
    "risk_categories": [
      "security",
      "compliance",
      "availability",
      "performance",
      "vendor",
      "financial",
      "other"
    ],
    "risk_statuses": [
      "identified",
      "assessed",
      "mitigation_planned",
      "mitigated",
      "accepted",
      "rejected",
      "closed"
    ],
    "compliance_types": ["regulatory", "standard", "internal", "contractual", "other"],
    "knowledge_types": ["troubleshooting", "how_to", "faq", "sop", "policy", "other"],
    "knowledge_statuses": ["draft", "published", "retired"],
    "runbook_types": ["manual", "semi_automated", "automated"],
    "runbook_statuses": ["draft", "approved", "deprecated"],
    "automation_types": [
      "script",
      "workflow",
      "playbook",
      "api_call",
      "infrastructure_as_code",
      "other"
    ],
    "automation_statuses": ["draft", "approved", "retired"],
    "ai_agent_types": [
      "incident_triage",
      "problem_rca",
      "change_risk",
      "maintenance_optimizer",
      "alert_correlation",
      "knowledge_recommendation",
      "automation_trigger",
      "custom"
    ],
    "ai_agent_statuses": ["active", "inactive", "retired"]
  },
  "sla": {
    "uptime_targets": {
      "gold": 99.99,
      "silver": 99.9,
      "bronze": 99
    }
  },
  "telemetry": {
    "metrics": {
      "types": ["gauge", "counter", "histogram", "summary"],
      "units": ["ms", "s", "%", "count", "bytes", "ops", "custom"],
      "retention_policies": {
        "default": "30d",
        "high_granularity": "7d",
        "low_granularity": "90d"
      }
    },
    "logs": {
      "levels": ["debug", "info", "warn", "error", "fatal"],
      "parsers": ["json", "regex", "grok", "csv", "custom"]
    },
    "events": {
      "severities": ["info", "warning", "minor", "major", "critical"],
      "source_systems": ["application", "infrastructure", "network", "security", "custom"],
      "correlation_rules": {
        "window_minutes": 5,
        "max_group_size": 50
      }
    },
    "traces": {
      "source_systems": ["apm", "frontend", "backend", "database", "external_api", "custom"],
      "allowed_operations": ["http_request", "db_query", "cache_hit", "cache_miss", "task", "custom"],
      "sampling_rules": {
        "default": 0.1,
        "critical_paths": 1.0
      }
    }
  },
  "kpis": [
    { "id": "kpi_availability", "name": "Availability", "unit": "%", "category": "reliability" },
    { "id": "kpi_mttr", "name": "MTTR", "unit": "minutes", "category": "reliability" },
    { "id": "kpi_mtta", "name": "MTTA", "unit": "minutes", "category": "reliability" },
    { "id": "kpi_cost", "name": "Cost per Transaction", "unit": "USD", "category": "cost" },
    { "id": "kpi_performance", "name": "Average Response Time", "unit": "ms", "category": "performance" },
    { "id": "kpi_customer_satisfaction", "name": "Customer Satisfaction", "unit": "%", "category": "customer" }
  ]
}